City_ID,City,Country,Date,Lat,Lng,Max Temp,Humidity,Cloudiness,Wind Speed
0,Puerto Carreno,CO,2022-07-20 19:47:22,6.189,-67.4859,87.78,66,75,3.44
1,Yarim,YE,2022-07-20 19:47:23,14.298,44.3779,56.17,77,100,3.38
2,Ostrovnoy,RU,2022-07-20 19:47:23,68.0531,39.5131,47.68,96,24,5.08
3,Mugur-Aksy,RU,2022-07-20 19:47:24,50.35,90.5,44.47,75,34,2.26
4,Vaini,TO,2022-07-20 19:47:24,-21.2,-175.2,73.56,88,40,5.75
5,Faanui,PF,2022-07-20 19:47:24,-16.4833,-151.75,77.76,66,0,10.36
6,Bethel,US,2022-07-20 19:47:25,41.3712,-73.414,98.02,50,40,6.91
7,Bluff,NZ,2022-07-20 19:45:25,-46.6,168.3333,39.79,65,100,7.16
8,Hobart,AU,2022-07-20 19:47:25,-42.8794,147.3294,34.27,94,1,5.75
9,Carnarvon,AU,2022-07-20 19:47:26,-24.8667,113.6333,70.56,78,0,15.64
10,Kapaa,US,2022-07-20 19:44:04,22.0752,-159.319,82.38,76,20,12.66
11,Butaritari,KI,2022-07-20 19:47:26,3.0707,172.7902,81.28,79,45,9.66
12,Guatire,VE,2022-07-20 19:47:27,10.4762,-66.5427,77.04,94,92,1.14
13,Betare Oya,CM,2022-07-20 19:47:28,5.6,14.0833,67.84,98,100,2.55
14,Ternate,ID,2022-07-20 19:47:28,0.8,127.4,80.08,81,100,1.95
15,Port Alfred,ZA,2022-07-20 19:46:25,-33.5906,26.891,56.17,97,100,1.01
16,Touros,BR,2022-07-20 19:47:29,-5.1989,-35.4608,77.16,78,98,13.73
17,Zeya,RU,2022-07-20 19:47:29,53.75,127.2667,58.23,94,82,2.21
18,Abadan,IR,2022-07-20 19:47:29,30.3392,48.3043,96.75,49,0,0.0
19,Albany,US,2022-07-20 19:44:06,42.6001,-73.9662,96.78,43,46,1.99
20,Laguna,US,2022-07-20 19:47:30,38.421,-121.4238,100.02,30,0,4.61
21,Hasaki,JP,2022-07-20 19:47:30,35.7333,140.8333,75.6,84,99,8.41
22,Hermanus,ZA,2022-07-20 19:44:13,-34.4187,19.2345,42.8,68,1,4.41
23,Paungde,MM,2022-07-20 19:47:31,18.4833,95.5,79.23,91,100,4.43
24,East London,ZA,2022-07-20 19:47:31,-33.0153,27.9116,62.58,82,93,4.83
25,Puerto Ayora,EC,2022-07-20 19:47:32,-0.7393,-90.3518,76.96,96,88,8.01
26,New Norfolk,AU,2022-07-20 19:47:32,-42.7826,147.0587,33.93,89,5,2.33
27,Igrim,RU,2022-07-20 19:47:33,63.1906,64.4162,62.67,55,75,9.48
28,Samarai,PG,2022-07-20 19:47:33,-10.6167,150.6667,79.9,81,20,9.71
29,Grindavik,IS,2022-07-20 19:47:34,63.8424,-22.4338,53.55,87,75,18.41
30,Arraial Do Cabo,BR,2022-07-20 19:45:10,-22.9661,-42.0278,75.16,83,75,10.36
31,Mount Isa,AU,2022-07-20 19:45:22,-20.7333,139.5,51.57,40,0,0.0
32,Geraldton,AU,2022-07-20 19:47:35,-28.7667,114.6,68.41,88,75,19.57
33,Fairbanks,US,2022-07-20 19:47:35,64.8378,-147.7164,63.09,65,75,5.75
34,Sao Filipe,CV,2022-07-20 19:47:35,14.8961,-24.4956,76.53,88,83,5.06
35,Qaanaaq,GL,2022-07-20 19:45:20,77.484,-69.3632,41.13,81,100,4.34
36,Talnakh,RU,2022-07-20 19:45:13,69.4865,88.3972,52.21,69,100,4.56
37,Hofn,IS,2022-07-20 19:47:36,64.2539,-15.2082,52.63,73,100,7.09
38,Bilma,NE,2022-07-20 19:47:37,18.6853,12.9164,95.94,13,72,6.49
39,Rikitea,PF,2022-07-20 19:47:37,-23.1203,-134.9692,73.36,75,0,2.04
40,Hilo,US,2022-07-20 19:47:37,19.7297,-155.09,81.28,95,100,5.99
41,Verkhoyansk,RU,2022-07-20 19:47:38,67.5447,133.385,46.11,73,98,4.25
42,Banes,CU,2022-07-20 19:47:38,20.9625,-75.7186,86.23,63,82,15.84
43,Adrar,MR,2022-07-20 19:47:39,20.5022,-10.0711,97.3,17,10,10.92
44,Itoman,JP,2022-07-20 19:47:39,26.1247,127.6694,84.22,89,98,9.22
45,Saint-Philippe,RE,2022-07-20 19:47:39,-21.3585,55.7679,65.79,79,42,14.52
46,Dikson,RU,2022-07-20 19:48:40,73.5069,80.5464,42.37,72,9,23.35
47,Chokurdakh,RU,2022-07-20 19:48:40,70.6333,147.9167,42.4,74,83,8.88
48,Airai,TL,2022-07-20 19:48:41,-8.9266,125.4092,56.7,94,84,3.53
49,Nabire,ID,2022-07-20 19:48:41,-3.3667,135.4833,73.27,93,87,3.96
50,Mataura,NZ,2022-07-20 19:45:16,-46.1927,168.8643,39.47,92,100,1.95
51,Ushuaia,AR,2022-07-20 19:43:42,-54.8,-68.3,33.42,93,100,18.41
52,Lagoa,PT,2022-07-20 19:48:42,39.05,-27.9833,72.45,77,6,4.32
53,Derzhavinsk,KZ,2022-07-20 19:46:31,51.1,66.3167,72.21,55,100,7.09
54,Bambous Virieux,MU,2022-07-20 19:48:42,-20.3428,57.7575,71.85,60,40,18.41
55,Jamestown,US,2022-07-20 19:43:58,42.097,-79.2353,88.02,51,40,17.27
56,Nokaneng,BW,2022-07-20 19:48:43,-19.6667,22.2667,58.77,35,20,6.53
57,Hithadhoo,MV,2022-07-20 19:48:43,-0.6,73.0833,80.64,69,100,1.43
58,Nikki,BJ,2022-07-20 19:48:44,9.9401,3.2108,74.88,75,100,4.21
59,Varangaon,IN,2022-07-20 19:48:44,21.0167,75.9,76.93,87,100,10.76
60,Yatou,CN,2022-07-20 19:48:45,37.15,122.3833,70.57,91,92,6.87
61,Saint Anthony,US,2022-07-20 19:45:35,45.0205,-93.218,89.15,39,0,28.77
62,Barrow,US,2022-07-20 19:47:47,71.2906,-156.7887,51.82,62,0,4.61
63,Brae,GB,2022-07-20 19:48:45,60.3964,-1.353,55.83,88,96,11.3
64,Mantang,PH,2022-07-20 19:48:46,11.87,125.4283,80.13,84,57,2.93
65,Collie,AU,2022-07-20 19:48:46,-33.3667,116.15,54.25,97,100,6.67
66,Souillac,MU,2022-07-20 19:48:47,-20.5167,57.5167,71.98,60,40,18.41
67,Khatanga,RU,2022-07-20 19:48:47,71.9667,102.5,45.64,65,100,21.32
68,Busselton,AU,2022-07-20 19:48:48,-33.65,115.3333,55.51,95,100,15.79
69,Bonavista,CA,2022-07-20 19:45:12,48.6499,-53.1147,63.41,83,100,21.56
70,Orel-Izumrud,RU,2022-07-20 19:48:48,43.4583,39.9244,69.82,88,40,2.24
71,Alofi,NU,2022-07-20 19:46:34,-19.0595,-169.9187,73.29,83,3,8.05
72,Usinsk,RU,2022-07-20 19:48:49,65.9939,57.5281,62.71,60,26,8.34
73,Umm Lajj,SA,2022-07-20 19:48:49,25.0213,37.2685,88.72,54,6,6.8
74,Cape Town,ZA,2022-07-20 19:48:37,-33.9258,18.4232,53.11,63,0,6.91
75,Norman Wells,CA,2022-07-20 19:48:50,65.282,-126.8329,71.64,37,75,2.3
76,Port Hedland,AU,2022-07-20 19:48:50,-20.3167,118.5667,55.45,76,0,6.91
77,Bilibino,RU,2022-07-20 19:48:51,68.0546,166.4372,44.58,71,96,3.04
78,Mitsamiouli,KM,2022-07-20 19:48:51,-11.3847,43.2844,75.92,68,0,11.43
79,Ziyang,CN,2022-07-20 19:48:52,29.2497,117.8547,79.11,93,100,0.29
80,Fortuna,US,2022-07-20 19:46:45,40.5982,-124.1573,68.94,74,36,4.0
81,Kruisfontein,ZA,2022-07-20 19:48:52,-34.0033,24.7314,54.88,91,94,3.56
82,Lompoc,US,2022-07-20 19:48:53,34.6391,-120.4579,93.69,66,0,11.5
83,Severo-Kurilsk,RU,2022-07-20 19:45:32,50.6789,156.125,51.69,97,100,12.91
84,Alyangula,AU,2022-07-20 19:48:53,-13.8483,136.4192,67.71,82,13,9.66
85,Saint-Pierre,RE,2022-07-20 19:48:54,-21.3393,55.4781,65.88,59,0,4.61
86,Mizdah,LY,2022-07-20 19:48:54,31.4451,12.9801,79.5,46,18,16.82
87,Mosquera,CO,2022-07-20 19:48:54,4.7059,-74.2302,62.69,59,40,13.8
88,Pomabamba,PE,2022-07-20 19:48:55,-8.8333,-77.4667,62.42,30,13,5.84
89,Katsuura,JP,2022-07-20 19:48:55,35.1333,140.3,76.8,83,80,7.81
90,Russell,US,2022-07-20 19:45:41,32.3502,-85.1999,94.28,43,54,4.25
91,Punta Arenas,CL,2022-07-20 19:48:35,-53.15,-70.9167,35.71,75,75,24.16
92,Nome,US,2022-07-20 19:48:56,64.5011,-165.4064,48.27,82,100,18.41
93,Chipata,ZM,2022-07-20 19:49:56,-13.6333,32.65,64.13,50,72,6.87
94,Thompson,CA,2022-07-20 19:45:23,55.7435,-97.8558,71.76,60,40,12.66
95,Sorong,ID,2022-07-20 19:49:57,-0.8833,131.25,77.54,89,100,7.0
96,Lanxi,CN,2022-07-20 19:49:57,29.2195,119.477,80.2,82,100,2.08
97,Ambon,ID,2022-07-20 19:49:58,-3.6954,128.1814,77.23,15,30,11.88
98,Ziro,IN,2022-07-20 19:49:58,27.6333,93.8333,60.55,99,99,1.36
99,Lavrentiya,RU,2022-07-20 19:49:59,65.5833,-171.0,40.08,96,100,15.05
100,San Francisco,US,2022-07-20 19:49:59,37.7749,-122.4194,90.03,74,20,17.27
101,Santo Angelo,BR,2022-07-20 19:49:59,-28.2992,-54.2631,73.72,83,6,6.15
102,Tiksi,RU,2022-07-20 19:50:00,71.6872,128.8694,37.45,92,91,16.4
103,San Cristobal,VE,2022-07-20 19:48:48,7.7669,-72.225,77.18,57,62,6.4
104,Ribeira Grande,PT,2022-07-20 19:50:00,38.5167,-28.7,75.6,78,20,9.22
105,Tual,ID,2022-07-20 19:50:01,-5.6667,132.75,78.64,77,100,18.01
106,Abu Samrah,SY,2022-07-20 19:50:02,35.3029,37.1841,80.2,44,0,12.35
107,Clyde River,CA,2022-07-20 19:50:02,70.4692,-68.5914,39.43,100,100,8.05
108,Esperance,AU,2022-07-20 19:45:18,-33.8667,121.9,61.63,51,100,17.31
109,Nuuk,GL,2022-07-20 19:50:03,64.1835,-51.7216,47.88,93,100,23.0
110,Yellowknife,CA,2022-07-20 19:50:03,62.456,-114.3525,64.92,55,75,13.8
111,Atuona,PF,2022-07-20 19:50:04,-9.8,-139.0333,77.81,74,4,15.75
112,Zitiste,RS,2022-07-20 19:50:04,45.485,20.5497,77.4,28,2,4.05
113,Coquimbo,CL,2022-07-20 19:48:18,-29.9533,-71.3436,53.33,93,100,3.44
114,Beisfjord,NO,2022-07-20 19:50:05,68.3751,17.5988,60.85,74,99,3.8
115,Tura,IN,2022-07-20 19:50:05,25.5198,90.2201,74.73,97,100,5.48
116,Viedma,AR,2022-07-20 19:50:06,-40.8135,-62.9967,65.55,38,95,26.71
117,Owando,CG,2022-07-20 19:50:06,-0.4819,15.8999,77.34,69,86,2.82
118,Sierpc,PL,2022-07-20 19:50:06,52.8568,19.6691,74.95,61,0,8.37
119,Kodiak,US,2022-07-20 19:50:07,57.79,-152.4072,54.91,76,100,4.61
120,Galiakot,IN,2022-07-20 19:50:07,23.5167,74.0,80.47,85,100,11.92
121,Namatanai,PG,2022-07-20 19:50:08,-3.6667,152.4333,77.85,81,92,6.89
122,Cherskiy,RU,2022-07-20 19:46:45,68.75,161.3,40.3,72,26,12.95
123,Port Blair,IN,2022-07-20 19:50:08,11.6667,92.75,78.84,94,100,3.44
124,Alcudia,ES,2022-07-20 19:47:26,39.8532,3.1214,84.25,70,0,5.32
125,Tabora,TZ,2022-07-20 19:50:09,-5.0167,32.8,68.97,39,0,8.5
126,Upernavik,GL,2022-07-20 19:50:09,72.7868,-56.1549,48.2,70,73,9.91
127,Snihurivka,UA,2022-07-20 19:50:10,47.0758,32.8052,70.86,48,14,7.05
128,Mar Del Plata,AR,2022-07-20 19:47:02,-38.0023,-57.5575,64.42,48,0,17.27
129,Mananjary,MG,2022-07-20 19:50:11,-21.2167,48.3333,66.65,87,75,5.99
130,Chuy,UY,2022-07-20 19:50:11,-33.6971,-53.4616,59.27,88,0,7.58
131,Rocha,UY,2022-07-20 19:50:12,-34.4833,-54.3333,59.63,80,1,9.62
132,Chimbote,PE,2022-07-20 19:50:12,-9.0853,-78.5783,66.65,70,14,10.2
133,Ust-Nera,RU,2022-07-20 19:50:12,64.5667,143.2,56.3,77,99,9.08
134,Zyryanka,RU,2022-07-20 19:50:13,65.75,150.85,45.99,69,100,8.9
135,Divinopolis,BR,2022-07-20 19:50:13,-20.1389,-44.8839,79.38,37,12,9.8
136,Tebingtinggi,ID,2022-07-20 19:50:14,3.3285,99.1625,74.5,96,100,1.88
137,Krasnyy Kholm,RU,2022-07-20 19:51:14,58.0607,37.1203,56.14,99,100,6.44
138,San Patricio,US,2022-07-20 19:51:14,28.017,-97.5169,97.52,44,1,20.62
139,Kaeo,NZ,2022-07-20 19:51:15,-35.1,173.7833,51.31,85,17,12.03
140,Havre-Saint-Pierre,CA,2022-07-20 19:50:05,50.2334,-63.5986,75.56,57,100,16.11
141,Launceston,AU,2022-07-20 19:51:15,-41.45,147.1667,42.44,87,100,4.61
142,Bengkulu,ID,2022-07-20 19:47:40,-3.8004,102.2655,76.05,90,74,2.57
143,Concepcion Del Uruguay,AR,2022-07-20 19:51:16,-32.4825,-58.2372,69.26,77,98,5.01
144,Lorengau,PG,2022-07-20 19:51:17,-2.0226,147.2712,79.2,80,97,3.71
145,Englewood,US,2022-07-20 19:47:12,39.6478,-104.9878,93.7,29,75,9.22
146,Bredasdorp,ZA,2022-07-20 19:51:17,-34.5322,20.0403,46.6,86,1,5.19
147,Najran,SA,2022-07-20 19:51:18,17.4924,44.1277,92.05,38,100,8.7
148,Muyezerskiy,RU,2022-07-20 19:51:18,63.9333,31.65,60.96,90,100,6.08
149,Bendigo,AU,2022-07-20 19:51:19,-36.7667,144.2833,41.65,63,23,5.44
150,Karwar,IN,2022-07-20 19:51:19,14.8,74.1333,77.54,87,68,10.22
151,Puerto Del Rosario,ES,2022-07-20 19:51:20,28.5004,-13.8627,78.55,73,5,11.5
152,Hambantota,LK,2022-07-20 19:51:20,6.1241,81.1185,78.57,85,97,18.45
153,Amazar,RU,2022-07-20 19:51:21,53.858,120.875,58.57,96,15,1.86
154,Constitucion,CL,2022-07-20 19:50:42,-35.3333,-72.4167,57.38,77,7,12.1
155,Kondinskoye,RU,2022-07-20 19:51:21,59.6481,67.41,59.74,95,100,4.34
156,Saint George,US,2022-07-20 19:49:08,37.1041,-113.5841,106.79,18,0,6.91
157,Ponta Do Sol,PT,2022-07-20 19:51:22,32.6667,-17.1,75.7,79,4,5.95
158,Tuktoyaktuk,CA,2022-07-20 19:51:22,69.4541,-133.0374,55.4,82,100,12.66
159,San Policarpo,PH,2022-07-20 19:51:23,12.1791,125.5072,82.36,79,85,5.97
160,Castro,BR,2022-07-20 19:51:23,-24.7911,-50.0119,67.8,73,3,3.87
161,Lebu,CL,2022-07-20 19:48:48,-37.6167,-73.65,53.58,95,100,11.21
162,North Platte,US,2022-07-20 19:51:24,41.1239,-100.7654,93.11,29,0,5.75
163,Tabuny,RU,2022-07-20 19:51:24,52.7773,78.7896,63.18,84,100,10.92
164,Akyab,MM,2022-07-20 19:48:17,20.15,92.9,81.1,85,100,4.16
165,Georgetown,MY,2022-07-20 19:51:25,5.4112,100.3354,81.9,90,20,0.0
166,Chateau-Thierry,FR,2022-07-20 19:51:25,49.05,3.4,67.35,69,74,6.35
167,Shadegan,IR,2022-07-20 19:51:25,30.6497,48.6647,91.35,59,0,17.13
168,Antalaha,MG,2022-07-20 19:51:26,-14.9003,50.2788,67.57,85,53,11.16
169,Luanda,AO,2022-07-20 19:48:47,-8.8368,13.2343,69.8,83,20,9.22
170,Oxapampa,PE,2022-07-20 19:51:26,-10.5775,-75.4017,70.61,62,30,4.97
171,Kavieng,PG,2022-07-20 19:51:27,-2.5744,150.7967,81.14,79,87,10.65
172,Batemans Bay,AU,2022-07-20 19:51:27,-35.7167,150.1833,52.11,87,100,3.33
173,Dunedin,NZ,2022-07-20 19:51:28,-45.8742,170.5036,42.8,80,100,18.99
174,Hamilton,US,2022-07-20 19:49:13,39.1834,-84.5333,94.6,63,75,16.11
175,Naze,JP,2022-07-20 19:51:28,28.3667,129.4833,79.72,88,69,16.24
176,Mabaruma,GY,2022-07-20 19:51:29,8.2,-59.7833,78.57,95,100,2.37
177,Guaruja,BR,2022-07-20 19:51:29,-23.9931,-46.2564,67.86,88,100,3.44
178,Muzaffarabad,PK,2022-07-20 19:51:29,34.37,73.4711,80.91,85,100,2.24
179,Cap Malheureux,MU,2022-07-20 19:51:30,-19.9842,57.6142,70.47,63,96,7.0
180,Dedougou,BF,2022-07-20 19:51:30,12.4667,-3.4667,77.04,79,63,6.89
181,Riyadh,SA,2022-07-20 19:51:31,24.6877,46.7219,98.74,9,94,9.75
182,Gat,IL,2022-07-20 19:52:31,31.61,34.7642,81.81,100,0,5.5
183,Brookhaven,US,2022-07-20 19:52:21,31.5791,-90.4407,89.26,34,1,7.56
184,Galle,LK,2022-07-20 19:49:10,6.0367,80.217,78.01,87,96,14.81
185,Walvis Bay,NA,2022-07-20 19:52:32,-22.9575,14.5053,56.08,64,0,11.03
186,Klaksvik,FO,2022-07-20 19:52:32,62.2266,-6.589,49.12,91,98,18.54
187,Padang,ID,2022-07-20 19:52:33,-0.9492,100.3543,76.06,85,33,3.76
188,Batticaloa,LK,2022-07-20 19:52:33,7.7102,81.6924,80.55,82,54,6.58
189,Port Elizabeth,ZA,2022-07-20 19:48:37,-33.918,25.5701,57.09,95,100,3.44
190,Ahipara,NZ,2022-07-20 19:52:34,-35.1667,173.1667,53.96,77,70,17.72
191,Narsaq,GL,2022-07-20 19:52:34,60.9167,-46.05,53.82,83,91,2.91
192,Arona,ES,2022-07-20 19:52:35,28.0996,-16.681,78.03,69,0,8.05
193,Araouane,ML,2022-07-20 19:52:35,18.9048,-3.5265,92.73,37,82,6.69
194,Cockburn Town,TC,2022-07-20 19:51:41,21.4612,-71.1419,82.29,76,0,19.75
195,Ilhabela,BR,2022-07-20 19:52:36,-23.7781,-45.3581,69.33,90,56,2.68
196,Sacama,EC,2022-07-20 19:52:36,-3.9,-79.2667,64.42,36,75,14.97
197,Ancud,CL,2022-07-20 19:49:22,-41.8697,-73.8203,40.23,64,87,14.81
198,Salo,IT,2022-07-20 19:52:37,45.6086,10.531,85.98,45,0,4.03
199,Saskylakh,RU,2022-07-20 19:52:37,71.9167,114.0833,38.19,85,60,12.64
200,Illela,NG,2022-07-20 19:52:38,13.7292,5.2975,88.43,47,53,5.48
201,Rawson,AR,2022-07-20 19:50:29,-43.3002,-65.1023,51.85,51,100,23.15
202,Ust-Kuyga,RU,2022-07-20 19:52:38,70.0167,135.6,45.91,68,4,3.6
203,Songjianghe,CN,2022-07-20 19:52:39,42.1859,127.479,61.16,98,100,1.63
204,Gobardanga,IN,2022-07-20 19:52:39,22.8747,88.7586,84.11,85,100,6.73
205,Aklavik,CA,2022-07-20 19:52:39,68.2191,-135.0107,62.6,67,75,2.3
206,Anadyr,RU,2022-07-20 19:52:40,64.75,177.4833,41.5,80,40,6.71
207,Ewa Beach,US,2022-07-20 19:49:23,21.3156,-158.0072,80.55,64,40,16.11
208,Pedasi,PA,2022-07-20 19:52:40,7.5333,-80.0333,80.06,86,100,11.07
209,Port-Cartier,CA,2022-07-20 19:52:41,50.0334,-66.8654,77.76,41,16,13.94
210,Isla Vista,US,2022-07-20 19:52:41,34.4133,-119.861,93.25,48,18,5.32
211,Barcelos,PT,2022-07-20 19:52:42,41.5388,-8.6151,76.68,73,0,2.73
212,Marzuq,YE,2022-07-20 19:52:42,14.4,46.4667,79.23,55,100,5.75
213,Peniche,PT,2022-07-20 19:52:43,39.3558,-9.3811,69.12,83,0,16.78
214,Coihaique,CL,2022-07-20 19:50:45,-45.5752,-72.0662,36.21,80,100,5.75
215,Wanning,CN,2022-07-20 19:48:01,18.8003,110.3967,80.62,88,27,12.84
216,Margate,GB,2022-07-20 19:50:10,51.3813,1.3862,72.88,69,31,4.0
217,Tilichiki,RU,2022-07-20 19:52:44,60.4667,166.1,53.94,51,6,6.29
218,The Valley,AI,2022-07-20 19:52:44,18.217,-63.0578,86.83,70,40,17.27
219,Sinnamary,GF,2022-07-20 19:52:44,5.3833,-52.95,81.16,74,6,8.5
220,Haines Junction,CA,2022-07-20 19:52:45,60.7522,-137.5108,55.22,55,100,7.25
221,Santiago,CL,2022-07-20 19:50:52,-33.4569,-70.6483,71.55,38,1,6.91
222,Nagorsk,RU,2022-07-20 19:52:46,59.3172,50.8078,52.45,95,28,2.21
223,Labrea,BR,2022-07-20 19:52:46,-7.2586,-64.7981,94.62,27,0,1.74
224,La Rioja,ES,2022-07-20 19:52:46,42.25,-2.5,69.58,73,0,2.73
225,Boralday,KZ,2022-07-20 19:52:47,43.3578,76.8594,66.06,52,0,6.71
226,Sosnovo-Ozerskoye,RU,2022-07-20 19:52:47,52.5249,111.5418,48.92,95,1,6.62
227,Tytuvenai,LT,2022-07-20 19:52:48,55.6,23.2,64.31,84,8,4.05
228,Kostomuksha,RU,2022-07-20 19:53:48,64.571,30.5767,60.13,90,73,4.99
229,Sao Joaquim Da Barra,BR,2022-07-20 19:51:18,-20.5814,-47.8547,83.53,28,0,5.59
230,Palana,RU,2022-07-20 19:53:49,59.1167,159.9667,52.66,84,79,9.33
231,Eureka,US,2022-07-20 19:53:49,40.8021,-124.1637,70.2,74,68,5.99
232,Sao Felix Do Xingu,BR,2022-07-20 19:53:50,-6.6447,-51.995,94.33,26,1,1.68
233,Torbay,CA,2022-07-20 19:53:50,47.6666,-52.7314,69.53,77,75,19.57
234,Kedrovyy,RU,2022-07-20 19:53:51,56.1667,91.8167,52.21,95,100,3.96
235,Iberia,US,2022-07-20 19:53:51,29.9502,-91.7507,96.1,59,26,15.01
236,Porto Novo,BJ,2022-07-20 19:53:19,6.4965,2.6036,74.79,71,91,8.05
237,Oksfjord,NO,2022-07-20 19:53:52,70.2396,22.3479,64.47,74,88,6.11
238,Qaqortoq,GL,2022-07-20 19:49:02,60.7167,-46.0333,53.64,79,82,3.58
239,Waingapu,ID,2022-07-20 19:53:52,-9.6567,120.2641,70.45,84,16,8.43
240,Ginda,IN,2022-07-20 19:53:53,30.6945,78.4932,66.67,98,100,0.67
241,Agadez,NE,2022-07-20 19:52:50,19.75,10.25,91.94,12,4,9.82
242,Nerchinskiy Zavod,RU,2022-07-20 19:53:53,51.3088,119.61,59.68,83,26,1.28
243,Cayenne,GF,2022-07-20 19:53:54,4.9333,-52.3333,86.04,1,20,12.66
244,Ucluelet,CA,2022-07-20 19:53:54,48.9329,-125.5528,57.51,72,6,5.17
245,Sioux Lookout,CA,2022-07-20 19:53:54,50.1001,-91.917,75.27,69,75,12.66
246,Pisco,PE,2022-07-20 19:49:38,-13.7,-76.2167,60.85,88,100,5.75
247,Beaufort,MY,2022-07-20 19:53:55,5.3473,115.7455,75.88,89,100,3.51
248,Marsa Matruh,EG,2022-07-20 19:53:55,31.3525,27.2453,77.2,73,0,6.91
249,Cidreira,BR,2022-07-20 19:53:56,-30.1811,-50.2056,62.29,88,0,14.74
250,Nemuro,JP,2022-07-20 19:53:56,43.3236,145.575,56.97,92,61,8.95
251,Coahuayana,MX,2022-07-20 19:53:56,18.7333,-103.6833,95.9,47,77,6.4
252,Canaries,ES,2022-07-20 19:53:57,28.0,-15.5,69.76,69,0,28.77
253,Castlerea,IE,2022-07-20 19:53:57,53.7667,-8.5,56.88,76,100,6.24
254,Kuusamo,FI,2022-07-20 19:53:58,65.9667,29.1833,59.04,82,75,4.61
255,Avarua,CK,2022-07-20 19:53:47,-21.2078,-159.775,73.45,73,40,16.11
256,Xingyi,CN,2022-07-20 19:53:58,24.1877,102.817,61.56,97,100,2.08
257,Cabo San Lucas,MX,2022-07-20 19:50:46,22.8909,-109.9124,96.62,62,79,9.1
258,Iqaluit,CA,2022-07-20 19:53:59,63.7506,-68.5145,47.93,87,75,4.61
259,Leshukonskoye,RU,2022-07-20 19:53:59,64.8989,45.7622,65.14,62,72,4.27
260,Batagay,RU,2022-07-20 19:54:00,67.6333,134.6333,44.04,76,88,3.44
261,Tendukheda,IN,2022-07-20 19:54:00,23.4,79.55,76.44,94,100,8.55
262,Lazaro Cardenas,MX,2022-07-20 19:53:28,17.9583,-102.2,87.84,66,8,10.31
263,Vila Do Maio,CV,2022-07-20 19:54:01,15.1333,-23.2167,79.59,82,18,4.16
264,Kulhudhuffushi,MV,2022-07-20 19:54:02,6.6221,73.07,80.71,78,100,17.81
265,Vila Franca Do Campo,PT,2022-07-20 19:54:02,37.7167,-25.4333,70.21,76,68,2.48
266,Victoria,HK,2022-07-20 19:50:46,22.2855,114.1577,86.38,85,19,5.99
267,Nakhon Phanom,TH,2022-07-20 19:54:03,17.3333,104.4167,75.78,92,100,6.15
268,Vilyuysk,RU,2022-07-20 19:54:03,63.7553,121.6247,56.01,89,100,4.54
269,East Wenatchee Bench,US,2022-07-20 19:54:04,47.4257,-120.2812,94.59,27,0,3.0
270,Basco,PH,2022-07-20 19:54:04,20.4487,121.9702,85.42,76,16,13.06
271,Port Lincoln,AU,2022-07-20 19:50:45,-34.7333,135.8667,50.99,80,57,10.2
272,Maceio,BR,2022-07-20 19:55:05,-9.6658,-35.7353,76.44,88,100,11.5
273,Mahebourg,MU,2022-07-20 19:55:05,-20.4081,57.7,71.89,60,40,18.41
274,Tuatapere,NZ,2022-07-20 19:55:06,-46.1333,167.6833,42.49,83,100,1.97
275,Ardatov,RU,2022-07-20 19:55:06,55.2421,43.097,55.38,97,100,5.93
276,Campoverde,PE,2022-07-20 19:55:06,-8.4753,-74.8058,87.49,47,87,2.04
277,Veraval,IN,2022-07-20 19:55:07,20.9,70.3667,80.35,86,75,17.45
278,Porosozero,RU,2022-07-20 19:55:07,62.7191,32.727,63.43,77,21,8.77
279,Ordynskoye,RU,2022-07-20 19:55:08,54.3656,81.8994,63.59,60,100,7.45
280,Shingu,JP,2022-07-20 19:55:08,33.7333,135.9833,74.84,73,100,5.26
281,Salalah,OM,2022-07-20 19:55:08,17.0151,54.0924,76.57,94,81,6.51
282,Los Llanos De Aridane,ES,2022-07-20 19:55:09,28.6585,-17.9182,69.55,83,20,16.11
283,Talara,PE,2022-07-20 19:55:09,-4.5772,-81.2719,72.36,68,0,12.66
284,Tarko-Sale,RU,2022-07-20 19:55:10,64.9225,77.785,54.77,62,100,12.17
285,Tripoli,LY,2022-07-20 19:55:10,32.8752,13.1875,81.23,68,0,13.58
286,Mareeba,AU,2022-07-20 19:55:11,-17.0,145.4333,65.12,90,6,2.15
287,Provideniya,RU,2022-07-20 19:55:11,64.3833,-173.3,44.19,70,99,17.56
288,Melo,UY,2022-07-20 19:53:56,-32.3667,-54.1833,65.08,87,0,6.04
289,Bandarban,BD,2022-07-20 19:55:12,22.1965,92.2262,75.92,98,100,2.82
290,Saint-Joseph,RE,2022-07-20 19:55:12,-21.3667,55.6167,64.78,75,28,14.74
291,Goderich,CA,2022-07-20 19:55:12,43.7501,-81.7165,88.12,51,100,19.57
292,Srednekolymsk,RU,2022-07-20 19:55:13,67.45,153.6833,45.99,74,100,7.27
293,Dwarka,IN,2022-07-20 19:55:13,22.2394,68.9678,81.86,83,99,17.05
294,Santa Cruz,BO,2022-07-20 19:55:14,-17.8,-63.1667,87.85,37,7,18.41
295,San Quintin,MX,2022-07-20 19:55:14,30.4833,-115.95,76.64,61,78,13.27
296,Lincoln,US,2022-07-20 19:52:52,40.8,-96.667,93.29,47,0,17.27
297,Cabedelo,BR,2022-07-20 19:55:15,-6.9811,-34.8339,77.67,84,68,11.81
298,Pfarrkirchen,DE,2022-07-20 19:55:15,48.432,12.9381,73.24,69,100,6.24
299,Kununurra,AU,2022-07-20 19:55:15,-15.7667,128.7333,58.98,82,88,2.3
300,Malazgirt,TR,2022-07-20 19:55:16,39.1427,42.5401,70.0,25,0,2.46
301,Killin,US,2022-07-20 19:55:16,33.6123,-91.7412,103.87,29,5,9.66
302,Bundaberg,AU,2022-07-20 19:55:17,-24.85,152.35,59.22,88,100,5.99
303,Port Hardy,CA,2022-07-20 19:55:17,50.6996,-127.4199,59.18,82,40,5.75
304,Katherine,AU,2022-07-20 19:55:17,-14.4667,132.2667,57.52,58,61,4.61
305,Kaitangata,NZ,2022-07-20 19:53:49,-46.2817,169.8464,40.91,83,100,6.42
306,Fort Nelson,CA,2022-07-20 19:55:18,58.8053,-122.7002,72.99,35,20,8.05
307,Groningen,NL,2022-07-20 19:54:17,53.25,6.75,73.13,68,20,4.61
308,Avera,US,2022-07-20 19:55:19,33.194,-82.5271,90.37,56,99,7.09
309,Kankan,GN,2022-07-20 19:55:19,10.3854,-9.3057,70.52,97,100,6.89
310,Fredericton,CA,2022-07-20 19:55:19,45.9454,-66.6656,80.42,42,0,13.8
311,Olafsvik,IS,2022-07-20 19:52:35,64.8945,-23.7142,51.24,75,99,11.86
312,Kushima,JP,2022-07-20 19:55:20,31.4583,131.2333,80.49,93,100,6.44
313,Tingi,TZ,2022-07-20 19:55:20,-11.3,35.0333,56.57,76,12,3.56
314,Yar-Sale,RU,2022-07-20 19:55:21,66.8333,70.8333,50.99,76,4,11.05
315,Southbridge,US,2022-07-20 19:55:21,42.0751,-72.0334,95.47,55,70,5.01
316,Oga,IT,2022-07-20 19:55:22,46.4631,10.347,57.74,83,10,4.36
317,Taoudenni,ML,2022-07-20 19:55:22,22.6783,-3.9836,96.96,31,64,23.33
318,Poya,NC,2022-07-20 19:55:22,-21.35,165.15,72.88,91,100,5.28
319,Asau,RO,2022-07-20 19:55:23,46.4333,26.4,72.52,58,12,5.55
320,Longyearbyen,SJ,2022-07-20 19:54:49,78.2186,15.6401,49.84,87,75,8.05
321,Ixtapa,MX,2022-07-20 19:56:23,20.7,-105.2,88.23,72,100,7.0
322,Ornskoldsvik,SE,2022-07-20 19:56:24,63.2909,18.7153,59.95,94,26,3.44
323,Okhotsk,RU,2022-07-20 19:53:44,59.3833,143.3,58.87,94,100,3.38
324,Gladstone,AU,2022-07-20 19:55:06,-23.85,151.25,60.73,82,100,8.05
325,Keti Bandar,PK,2022-07-20 19:56:24,24.1447,67.4497,82.96,85,92,19.1
326,Itacare,BR,2022-07-20 19:56:25,-14.2775,-38.9967,74.57,73,89,10.18
327,Nikolskoye,RU,2022-07-20 19:56:26,59.7035,30.7861,69.87,62,100,10.38
328,Cloquet,US,2022-07-20 19:56:26,46.7216,-92.4594,83.61,49,100,19.57
329,Ilulissat,GL,2022-07-20 19:56:27,69.2167,-51.1,48.67,60,100,4.99
330,Humboldt,US,2022-07-20 19:56:27,40.6665,-123.9178,61.12,36,2,7.11
331,Koulikoro,ML,2022-07-20 19:56:27,14.0,-7.75,75.88,84,100,4.9
332,Isangel,VU,2022-07-20 19:56:28,-19.55,169.2667,76.17,88,99,9.44
333,Vao,NC,2022-07-20 19:52:23,-22.6667,167.4833,73.89,88,97,9.8
334,Leua,SK,2022-07-20 19:56:28,48.2156,18.6071,75.97,38,4,4.03
335,Batagay-Alyta,RU,2022-07-20 19:56:29,67.8006,130.4114,39.29,84,100,0.56
336,Inverness,GB,2022-07-20 19:56:29,57.4791,-4.224,64.31,68,20,10.36
337,Juye,CN,2022-07-20 19:56:30,35.3947,116.0883,68.79,98,26,5.64
338,Jhawarian,PK,2022-07-20 19:56:30,32.3614,72.6228,91.96,59,35,9.73
339,Staryy Nadym,RU,2022-07-20 19:56:31,65.6118,72.6842,49.21,61,8,10.2
340,San Rafael,AR,2022-07-20 19:56:31,-34.6177,-68.3301,74.32,8,0,5.48
341,Vari,GR,2022-07-20 19:56:31,37.8312,23.8081,80.62,41,0,12.66
342,Huilong,CN,2022-07-20 19:56:32,31.8111,121.655,77.38,93,86,10.13
343,Paita,PE,2022-07-20 19:56:32,-5.0892,-81.1144,69.1,69,30,16.35
344,Pravia,ES,2022-07-20 19:56:33,43.4906,-6.1508,67.23,83,75,5.75
345,Saldanha,ZA,2022-07-20 19:56:33,-33.0117,17.9442,46.45,62,0,12.68
346,Carballo,ES,2022-07-20 19:56:33,43.213,-8.691,71.02,85,49,10.56
347,Kralupy Nad Vltavou,CZ,2022-07-20 19:56:34,50.2411,14.3115,81.57,44,0,6.91
348,Salamiyah,SY,2022-07-20 19:56:34,35.0113,37.0532,77.47,52,0,13.69
349,Taksimo,RU,2022-07-20 19:52:05,56.3444,114.8794,63.19,92,100,4.16
350,Paralimni,CY,2022-07-20 19:56:35,35.0375,33.9833,86.88,66,0,7.0
351,Surt,LY,2022-07-20 19:56:35,31.2089,16.5887,80.26,67,0,11.03
352,Beira,MZ,2022-07-20 19:52:08,-19.8436,34.8389,69.89,94,0,8.05
353,Genc,TR,2022-07-20 19:56:36,38.7507,40.5603,75.61,20,0,1.61
354,Togitsu,JP,2022-07-20 19:56:36,32.8333,129.85,81.99,88,100,9.08
355,Kharp,RU,2022-07-20 19:56:37,66.8014,65.8081,59.41,61,100,5.59
356,Malindi,KE,2022-07-20 19:56:37,-3.2175,40.1191,75.36,78,40,11.5
357,Berlevag,NO,2022-07-20 19:56:37,70.8578,29.0864,55.4,94,100,2.3
358,Spearfish,US,2022-07-20 19:56:38,44.4908,-103.8594,93.27,15,0,19.57
359,Brejo,BR,2022-07-20 19:56:38,-3.6844,-42.7503,87.78,47,58,1.52
360,Camabatela,AO,2022-07-20 19:56:39,-8.1881,15.375,63.79,66,23,3.67
361,Mount Gambier,AU,2022-07-20 19:56:39,-37.8333,140.7667,38.68,86,1,5.44
362,Usoke,TZ,2022-07-20 19:56:40,-5.1667,32.35,70.03,38,11,8.32
363,Bathsheba,BB,2022-07-20 19:56:40,13.2167,-59.5167,88.41,91,75,14.97
364,Skjervoy,NO,2022-07-20 19:56:40,70.0311,20.9714,68.0,79,100,9.26
365,Guerrero Negro,MX,2022-07-20 19:53:46,27.9769,-114.0611,83.55,45,18,13.73
366,Kapuskasing,CA,2022-07-20 19:56:41,49.4169,-82.4331,77.0,73,100,9.22
367,Kaffrine,SN,2022-07-20 19:57:38,14.1059,-15.5508,86.16,63,98,11.16
368,Kotelnikovo,RU,2022-07-20 19:57:42,47.6317,43.1461,73.83,43,78,13.71
369,Sitka,US,2022-07-20 19:57:42,57.0531,-135.33,53.49,82,100,11.5
370,Jieshou,CN,2022-07-20 19:57:42,33.2634,115.3611,69.4,96,39,4.7
371,Tasiilaq,GL,2022-07-20 19:54:58,65.6145,-37.6368,39.85,81,43,0.63
372,Yumen,CN,2022-07-20 19:57:43,40.2833,97.2,58.82,64,100,22.03
373,Vaitape,PF,2022-07-20 19:57:43,-16.5167,-151.75,77.77,66,0,10.38
374,Tepetzintla,MX,2022-07-20 19:57:44,21.1667,-97.8333,96.4,40,16,8.63
375,Kavaratti,IN,2022-07-20 19:55:01,10.5669,72.642,81.21,81,100,18.52
376,Deputatskiy,RU,2022-07-20 19:57:44,69.3,139.9,35.1,95,90,4.03
377,Narwar,IN,2022-07-20 19:57:45,25.65,77.9,87.04,63,100,8.32
378,Hanstholm,DK,2022-07-20 19:57:45,57.1167,8.6167,62.78,90,57,14.7
379,Kuybysheve,UA,2022-07-20 19:57:45,47.358,36.6491,67.14,53,60,8.77
380,Atambua,ID,2022-07-20 19:57:46,-9.1061,124.8925,69.96,90,100,4.97
381,Grand Gaube,MU,2022-07-20 19:57:46,-20.0064,57.6608,72.0,63,96,5.99
382,Anloga,GH,2022-07-20 19:57:47,5.7947,0.8973,75.38,75,30,11.39
383,Pangnirtung,CA,2022-07-20 19:57:47,66.1451,-65.7125,48.2,87,100,11.5
384,Bahraich,IN,2022-07-20 19:57:47,27.5833,81.6,80.55,87,100,7.63
385,Vestmannaeyjar,IS,2022-07-20 19:57:48,63.4427,-20.2734,54.59,87,20,16.11
386,Comodoro Rivadavia,AR,2022-07-20 19:57:48,-45.8667,-67.5,48.06,31,0,29.93
387,Muravlenko,RU,2022-07-20 19:57:49,63.7898,74.523,55.74,65,45,7.63
388,Muros,ES,2022-07-20 19:57:27,42.7762,-9.0603,71.1,78,3,13.09
389,Humaita,BR,2022-07-20 19:57:49,-7.5061,-63.0208,96.62,24,0,1.1
390,Kalmunai,LK,2022-07-20 19:57:50,7.4167,81.8167,80.08,83,98,4.94
391,Robertsport,LR,2022-07-20 19:57:50,6.7533,-11.3686,76.3,82,100,15.23
392,Melaka,MY,2022-07-20 19:57:51,2.196,102.2405,75.24,100,20,0.0
393,Biltine,TD,2022-07-20 19:57:51,14.5333,20.9167,81.72,56,100,9.42
394,Aitape,PG,2022-07-20 19:57:52,-3.1374,142.3475,75.88,89,100,4.27
395,Ust-Maya,RU,2022-07-20 19:57:52,60.4167,134.5333,66.33,81,26,3.18
396,Pangody,RU,2022-07-20 19:57:52,65.85,74.4859,55.8,53,100,11.41
397,Sao Geraldo Do Araguaia,BR,2022-07-20 19:57:53,-6.4006,-48.555,94.48,26,8,4.27
398,Leningradskiy,RU,2022-07-20 19:57:53,69.3833,178.4167,33.04,97,100,18.16
399,Ajdabiya,LY,2022-07-20 19:57:53,30.7554,20.2263,79.72,37,0,14.5
400,Labuhan,ID,2022-07-20 19:54:08,-6.8844,112.2051,74.71,82,0,11.36
401,Pipar,IN,2022-07-20 19:57:54,26.3856,73.5378,85.28,71,100,18.01
402,Dunn,US,2022-07-20 19:54:53,44.95,-91.8835,83.05,58,75,13.8
403,Howard Springs,AU,2022-07-20 19:57:55,-12.497,131.047,66.11,96,96,5.14
404,Onega,RU,2022-07-20 19:57:55,63.9061,38.1404,61.05,84,53,7.74
405,Broome,US,2022-07-20 19:57:56,42.2506,-75.833,94.44,49,3,7.0
406,Ingham,US,2022-07-20 19:57:56,42.6,-84.3833,91.35,54,75,9.22
407,Mirpur Khas,PK,2022-07-20 19:57:57,25.5251,69.0159,85.32,76,78,20.15
408,Korla,CN,2022-07-20 19:57:57,41.7597,86.1469,68.61,47,0,4.7
409,Kudahuvadhoo,MV,2022-07-20 19:57:57,2.6708,72.8944,80.24,74,100,15.32
410,Huarmey,PE,2022-07-20 19:57:58,-10.0681,-78.1522,67.68,69,1,10.54
411,Auki,SB,2022-07-20 19:57:58,-8.7676,160.7034,75.9,88,100,4.05
412,Luan,CH,2022-07-20 19:58:59,46.3592,6.9759,63.46,88,100,1.99
413,Pevek,RU,2022-07-20 19:58:59,69.7008,170.3133,31.51,92,98,13.96
414,Nalut,LY,2022-07-20 19:59:00,30.3333,10.85,87.94,16,0,9.75
415,Honiara,SB,2022-07-20 19:56:24,-9.4333,159.95,76.19,86,33,5.14
416,Lokosovo,RU,2022-07-20 19:59:00,61.1333,74.8167,59.16,69,99,1.12
417,Yulara,AU,2022-07-20 19:56:35,-25.2406,130.9889,45.61,50,6,10.89
418,Sur,OM,2022-07-20 19:59:01,22.5667,59.5289,84.04,76,84,15.17
419,Eslov,SE,2022-07-20 19:59:01,55.8393,13.3039,73.42,69,6,9.93
420,Wembley,AU,2022-07-20 19:59:02,-31.9333,115.8,60.21,94,100,16.11
421,Mindelo,CV,2022-07-20 19:59:02,16.8901,-24.9804,80.15,69,40,14.97
422,Toamasina,MG,2022-07-20 19:59:02,-18.1667,49.3833,68.0,94,75,2.3
423,Morlaix,FR,2022-07-20 19:59:03,48.5833,-4.0,64.22,85,100,9.22
424,Vung Tau,VN,2022-07-20 19:58:56,10.346,107.0843,78.93,84,100,4.41
425,Yambio,SS,2022-07-20 19:59:04,4.5721,28.3955,67.62,92,31,3.22
426,Vila Velha,BR,2022-07-20 19:56:29,-20.3297,-40.2925,76.95,77,0,11.5
427,Liepaja,LV,2022-07-20 19:59:04,56.5419,21.0367,60.78,94,0,0.0
428,Tiruchchendur,IN,2022-07-20 19:59:05,8.4833,78.1167,82.42,75,99,7.76
429,Jaspur,IN,2022-07-20 19:59:05,29.2833,78.8167,79.86,84,100,9.28
430,Miri,MY,2022-07-20 19:59:05,4.4148,114.0089,78.94,94,40,2.3
431,Puerto Suarez,BO,2022-07-20 19:59:06,-18.95,-57.8,93.76,49,0,8.05
432,Brindisi,IT,2022-07-20 19:59:06,40.5833,17.6667,81.77,47,0,5.17
433,Bintulu,MY,2022-07-20 19:59:07,3.1667,113.0333,77.41,100,20,0.0
434,Sao Jose Da Coroa Grande,BR,2022-07-20 19:59:07,-8.8978,-35.1478,75.29,88,43,11.41
435,Hami,CN,2022-07-20 19:56:08,42.8,93.45,64.4,60,6,2.17
436,Buenos Aires,AR,2022-07-20 19:58:38,-34.6132,-58.3772,67.68,71,0,5.75
437,Vinh,VN,2022-07-20 19:55:18,18.6667,105.6667,78.46,88,92,0.89
438,Fort-Shevchenko,KZ,2022-07-20 19:59:08,44.5086,50.263,77.68,64,100,21.07
439,Baruun-Urt,MN,2022-07-20 19:59:08,46.6806,113.2792,66.22,57,25,7.29
440,Luderitz,NA,2022-07-20 19:59:09,-26.6481,15.1594,57.4,59,3,18.5
441,Vostok,RU,2022-07-20 19:59:09,46.4856,135.8833,58.19,98,12,3.02
442,Shahreza,IR,2022-07-20 19:59:10,32.0339,51.8794,77.32,15,0,4.72
443,Belyy Yar,RU,2022-07-20 19:58:42,53.6039,91.3903,57.09,88,0,4.47
444,Acarau,BR,2022-07-20 19:59:10,-2.8856,-40.12,81.09,67,97,14.85
445,College,US,2022-07-20 19:54:56,64.8569,-147.8028,63.21,68,60,4.03
446,Coromandel,BR,2022-07-20 19:59:11,-18.4733,-47.2003,77.72,25,0,8.86
447,Preobrazheniye,RU,2022-07-20 19:59:11,42.9019,133.9064,63.63,93,100,5.35
448,Namibe,AO,2022-07-20 19:59:11,-15.1961,12.1522,61.88,86,1,5.61
449,Urbana,US,2022-07-20 19:56:02,40.1106,-88.2073,92.52,56,0,8.01
450,Glenwood Springs,US,2022-07-20 19:56:56,39.5505,-107.3248,90.07,35,0,6.91
451,Beloha,MG,2022-07-20 19:59:12,-25.1667,45.05,64.53,64,0,7.83
452,Manglisi,GE,2022-07-20 19:59:13,41.697,44.3845,61.39,94,31,6.29
453,Chicama,PE,2022-07-20 19:59:13,-7.8447,-79.1469,64.94,57,2,9.13
454,Dingzhou,CN,2022-07-20 19:59:13,38.5131,114.9956,71.71,92,0,4.21
455,Balikpapan,ID,2022-07-20 19:55:05,-1.2675,116.8289,77.99,100,40,3.44
456,Boa Vista,BR,2022-07-20 19:59:14,2.8197,-60.6733,87.78,55,40,5.75
457,Buala,SB,2022-07-20 19:59:14,-8.145,159.5921,79.86,80,100,6.58
458,Tatawin,TN,2022-07-20 19:59:15,32.9297,10.4518,83.01,45,0,13.22
459,Rio Grande City,US,2022-07-20 19:56:57,26.3798,-98.8203,102.87,21,0,16.98
460,Dingle,PH,2022-07-20 20:00:16,10.9995,122.6711,76.75,88,68,2.37
461,Coolum Beach,AU,2022-07-20 20:00:16,-26.5333,153.1,63.1,85,100,16.8
462,Beja,TN,2022-07-20 20:00:17,36.7256,9.1817,87.26,41,0,7.92
463,Manapparai,IN,2022-07-20 20:00:17,10.6,78.4167,79.66,76,71,8.12
464,La Ronge,CA,2022-07-20 20:00:17,55.1001,-105.2842,64.18,53,100,13.91
465,Skala Fourkas,GR,2022-07-20 20:00:18,39.9998,23.3841,77.54,54,0,1.63
466,Javanrud,IR,2022-07-20 20:00:18,34.7961,46.5172,80.83,16,0,7.61
467,Glace Bay,CA,2022-07-20 20:00:19,46.1969,-59.957,71.22,73,85,17.0
468,Sisimiut,GL,2022-07-20 20:00:19,66.9395,-53.6735,52.2,70,100,2.84
469,Boyolangu,ID,2022-07-20 20:00:20,-8.1181,111.8935,72.88,90,85,5.06
470,San Carlos De Bariloche,AR,2022-07-20 19:56:50,-41.1456,-71.3082,39.24,93,100,21.85
471,Chernyshevskiy,RU,2022-07-20 20:00:21,63.0128,112.4714,51.55,95,100,2.84
472,Novyy Urengoy,RU,2022-07-20 19:57:46,66.0833,76.6333,51.93,64,69,10.2
473,Portland,US,2022-07-20 19:59:32,45.5234,-122.6762,87.96,48,0,3.0
474,Vila,PT,2022-07-20 20:00:22,42.0304,-8.1588,68.88,49,0,2.77
475,Maumere,ID,2022-07-20 20:00:22,-8.6199,122.2111,74.41,79,94,7.2
476,Bairiki,KI,2022-07-20 20:00:23,1.3292,172.9752,80.85,80,29,12.41
477,Alibag,IN,2022-07-20 20:00:23,18.6411,72.8792,82.47,85,95,11.97
478,Neiafu,TO,2022-07-20 20:00:23,-18.65,-173.9833,77.72,75,30,24.0
479,Astoria,US,2022-07-20 19:55:46,46.1879,-123.8313,68.47,83,8,4.0
480,Cordoba,AR,2022-07-20 20:00:24,-31.4135,-64.1811,72.99,34,19,8.3
481,Reston,US,2022-07-20 20:00:17,38.9687,-77.3411,94.78,56,10,5.01
482,Nadym,RU,2022-07-20 20:00:25,65.5333,72.5167,48.9,62,8,10.54
483,Bambanglipuro,ID,2022-07-20 19:55:25,-7.95,110.2833,75.96,81,94,7.49
484,Mokhotlong,LS,2022-07-20 20:00:26,-29.2894,29.0675,41.5,73,73,4.12
485,Colac,AU,2022-07-20 19:57:30,-38.3333,143.5833,43.09,91,0,4.7
486,Aykino,RU,2022-07-20 20:00:26,62.2248,49.9922,56.34,94,100,2.35
487,Zaltan,LY,2022-07-20 20:00:22,32.947,11.8665,80.49,71,0,16.44
488,Lake Cowichan,CA,2022-07-20 20:00:27,48.825,-124.0546,75.43,34,5,1.39
489,Poum,NC,2022-07-20 20:00:27,-20.2333,164.0167,75.43,86,100,7.36
490,Kristiinankaupunki,FI,2022-07-20 20:00:28,62.2743,21.376,60.84,72,100,6.71
491,Koslan,RU,2022-07-20 20:00:28,63.4564,48.8989,58.05,94,12,4.0
492,Pestretsy,RU,2022-07-20 20:00:29,55.7531,49.6545,60.94,85,81,2.82
493,Montemor-O-Novo,PT,2022-07-20 20:00:29,38.6481,-8.2145,76.73,40,0,11.97
494,Colonial Heights,US,2022-07-20 19:56:31,37.268,-77.4073,98.49,51,0,4.61
495,Tinskoy,RU,2022-07-20 20:00:30,56.1525,96.9161,52.66,94,79,4.03
496,Grunberg,DE,2022-07-20 20:00:30,50.594,8.9587,81.48,64,100,15.28
497,Rapar,IN,2022-07-20 20:00:31,23.5667,70.6333,82.15,80,100,16.89
498,Brodnica,PL,2022-07-20 19:59:00,53.2597,19.3965,74.37,58,0,7.74
499,Necochea,AR,2022-07-20 20:00:31,-38.5473,-58.7368,60.96,54,6,18.79
500,Zhezkazgan,KZ,2022-07-20 20:00:32,47.8043,67.7144,83.95,36,96,6.85
501,Sillanwali,PK,2022-07-20 20:00:32,31.8261,72.5398,92.52,56,66,11.36
502,Kuala Terengganu,MY,2022-07-20 20:00:33,5.3302,103.1408,79.27,83,100,2.08
503,Pleasanton,US,2022-07-20 19:56:26,37.6624,-121.8747,92.46,37,0,1.99
504,Christchurch,NZ,2022-07-20 20:00:11,-43.5333,172.6333,41.2,93,100,27.63
505,Machiques,VE,2022-07-20 20:00:34,10.0644,-72.545,90.61,57,53,7.27
506,Acari,PE,2022-07-20 20:00:34,-15.4311,-74.6158,72.81,55,39,8.46
507,Muana,BR,2022-07-20 20:01:35,-1.5283,-49.2167,89.98,53,60,2.1
508,Solnechnyy,RU,2022-07-20 20:01:35,50.7214,136.6319,58.62,95,100,5.17
509,Samana,DO,2022-07-20 20:01:35,19.2056,-69.3369,84.69,71,2,11.9
510,Muhos,FI,2022-07-20 20:01:36,64.808,25.9931,60.58,90,100,4.45
511,Metaxades,GR,2022-07-20 20:01:36,41.4204,26.225,67.62,46,0,3.04
512,Para De Minas,BR,2022-07-20 20:01:36,-19.8603,-44.6083,78.3,36,26,5.53
513,Camacha,PT,2022-07-20 20:01:37,33.0833,-16.3333,69.22,73,75,9.22
514,Andenes,NO,2022-07-20 20:01:37,69.3143,16.1194,58.98,88,75,9.22
515,Bardiyah,LY,2022-07-20 20:01:38,31.7561,25.0865,77.5,64,0,10.04
516,Victoria Point,AU,2022-07-20 20:01:39,-27.5833,153.3,61.18,87,100,3.0
517,Axim,GH,2022-07-20 20:01:39,4.8699,-2.2405,74.16,68,62,6.69
518,Kumluca,TR,2022-07-20 20:01:39,36.3703,30.2869,83.28,46,0,7.07
519,Shahganj,IN,2022-07-20 20:01:40,26.05,82.6833,84.06,77,100,8.21
520,Rodrigues Alves,BR,2022-07-20 20:01:41,-7.738,-72.6509,92.55,34,17,3.47
521,Ponta Delgada,PT,2022-07-20 20:01:41,37.7333,-25.6667,70.52,88,75,4.61
522,Dudinka,RU,2022-07-20 20:01:42,69.4058,86.1778,50.32,81,97,8.39
523,Tocopilla,CL,2022-07-20 20:00:43,-22.092,-70.1979,63.73,74,100,5.3
524,Fallon,US,2022-07-20 20:00:03,39.4735,-118.7774,94.44,18,0,2.64
525,Nishihara,JP,2022-07-20 20:01:42,26.1842,127.7558,83.48,89,98,9.22
526,Kantilo,IN,2022-07-20 20:01:43,20.35,85.1833,80.94,84,100,3.65
527,Kahului,US,2022-07-20 20:01:43,20.8947,-156.47,80.96,73,46,13.38
528,San Bartolome De Tirajana,ES,2022-07-20 20:01:43,27.9248,-15.5733,66.67,69,0,28.77
529,Beringovskiy,RU,2022-07-20 20:01:44,63.05,179.3167,42.53,79,100,18.52
530,Yao,JP,2022-07-20 20:01:45,34.6167,135.6,78.12,72,88,1.14
531,Aleksandrov Gay,RU,2022-07-20 19:58:46,50.147,48.5704,69.67,42,11,7.29
532,Pombas,CV,2022-07-20 20:01:45,17.1503,-25.0201,73.33,85,18,7.99
533,Salym,RU,2022-07-20 20:01:46,60.0625,71.4789,58.64,87,90,4.18
534,Nanortalik,GL,2022-07-20 20:01:46,60.1432,-45.2371,52.07,80,15,13.82
535,Redmond,US,2022-07-20 19:57:55,47.674,-122.1215,86.07,53,0,4.0
536,Liboro,PH,2022-07-20 20:01:47,13.8245,122.7295,79.2,89,100,4.81
537,Port Hawkesbury,CA,2022-07-20 20:01:47,45.6169,-61.3485,77.92,66,19,15.99
538,Viking,CA,2022-07-20 20:01:48,53.1001,-111.7684,68.7,52,2,16.84
539,Zhigansk,RU,2022-07-20 20:01:48,66.7697,123.3711,48.74,69,99,15.88
540,Simoes,BR,2022-07-20 20:01:48,-7.5989,-40.8178,83.88,35,7,10.31
541,Tucuma,BR,2022-07-20 20:01:49,-0.1833,-50.05,82.47,75,44,8.32
542,Great Falls,US,2022-07-20 19:58:15,47.5002,-111.3008,85.66,15,0,8.28
543,Conceicao Do Araguaia,BR,2022-07-20 20:01:49,-8.2578,-49.2647,94.06,22,1,5.19
544,Klyuchi,RU,2022-07-20 20:01:50,52.2667,79.1667,66.99,66,100,9.33
545,Cozumel,MX,2022-07-20 20:00:13,20.5083,-86.9458,88.0,69,10,11.99
546,Vallenar,CL,2022-07-20 20:01:50,-28.5708,-70.7581,68.29,46,100,4.43
547,Contamana,PE,2022-07-20 20:01:51,-7.3333,-75.0167,89.2,44,61,4.81
548,Buguda,IN,2022-07-20 20:01:51,19.8167,84.8,81.39,82,100,2.95
